h3_index,bike_path_length,geometry,main_roads_length,walks_length,green_space_area,service_amenity_count,population_density,distance_to_city_center
875262d09ffffff,538.0719834779655,"POLYGON ((20.112742826933864 50.02694513161871, 20.100639525574294 50.02364541773832, 20.092504577928185 50.03219164111059, 20.09647122035438 50.0440358291773, 20.108572104489237 50.0473368341171, 20.116708763284947 50.03879236048161, 20.112742826933864 50.02694513161871, 20.112742826933864 50.02694513161871))",4228.3153948936715,67783.36758011093,380795.56401436613,20,15327301577.334967,12125.185849399115
8752666d8ffffff,0.0,"POLYGON ((20.201434066540845 50.06191442665716, 20.18932944657299 50.058609411371656, 20.181184522168305 50.067155894290075, 20.18514251134645 50.07900563795445, 20.19724471192104 50.08231194319344, 20.205391342572234 50.073767215366374, 20.201434066540845 50.06191442665716, 20.201434066540845 50.06191442665716))",4632.074302326675,31605.293891025325,52427.91915726597,2,15565410208.260628,22211.123954507177
875262ceeffffff,11113.499575208521,"POLYGON ((19.894486268586967 50.06418529872306, 19.8823996274586 50.060890002629264, 19.87429075950271 50.06941048351688, 19.878266814507434 50.08122451628084, 19.890351039751003 50.084521094415976, 19.89846162573633 50.07600235829265, 19.894486268586967 50.06418529872306, 19.894486268586967 50.06418529872306))",11876.180820658894,219059.94711097208,203131.46663997034,924,14898870631.655014,13115.8996194571
875262c22ffffff,0.0,"POLYGON ((20.0442834130969 49.98676448196746, 20.032179767169847 49.9834697795833, 20.024052390155283 49.992018486335006, 20.028026943471044 50.003860151288244, 20.040128174314187 50.007156146837865, 20.048257266788728 49.99860918481883, 20.0442834130969 49.98676448196746, 20.0442834130969 49.98676448196746))",9362.560531331792,156171.5026705624,441440.7116141233,247,15393579304.107475,9943.214806810205
875262cecffffff,7187.798565237658,"POLYGON ((19.910547597348806 50.07929922225331, 19.89846162573633 50.07600235829265, 19.890351039751003 50.084521094415976, 19.894324708450192 50.09633494874019, 19.906408263478856 50.09963309370714, 19.91452056625351 50.091116103890414, 19.910547597348806 50.07929922225331, 19.910547597348806 50.07929922225331))",16205.731303065626,223211.84006794528,155540.63623020746,1114,14899838826.278568,12705.336881164505
875262cdcffffff,5208.565527805423,"POLYGON ((19.826091631211817 50.02408700027123, 19.814004757091055 50.02079669130141, 19.805903498965336 50.02931965537558, 19.80988739252719 50.04113118916887, 19.82197185294806 50.04442278227773, 19.83007483336961 50.035901558000404, 19.826091631211817 50.02408700027123, 19.826091631211817 50.02408700027123))",13269.513516661475,71141.34061606468,192796.3038258508,51,15674653793.749361,20098.62129677628
875262ce2ffffff,6966.502575210826,"POLYGON ((19.902753834310843 50.02349063530202, 19.890662363298738 50.02019790940074, 19.882552044969344 50.0287273626951, 19.886531478124194 50.04054780007944, 19.89862053450945 50.04384181209567, 19.90673257222931 50.035314101160104, 19.902753834310843 50.02349063530202, 19.902753834310843 50.02349063530202))",3742.815645095288,100695.2875601208,620613.7994722192,219,14883538736.733524,11700.959771449447
875262c2affffff,4847.555845816682,"POLYGON ((20.01574719224752 50.032782524761956, 20.00365010895347 50.02948552200407, 19.99552659887821 50.038022479289964, 19.999498457296948 50.04985469306597, 20.011593124297125 50.053152983888786, 20.019718349034775 50.044617773419866, 20.01574719224752 50.032782524761956, 20.01574719224752 50.032782524761956))",3106.368797884844,121562.9829972974,242167.87160320327,655,14858726837.71244,1519.306738957878
875262cd0ffffff,0.0,"POLYGON ((19.834328297525296 49.9833924031878, 19.822236597898804 49.980104668598536, 19.814133891004435 49.98863659418197, 19.818121159946383 50.00045451751659, 19.830210447136402 50.003743540313515, 19.83831487768451 49.99521335211499, 19.834328297525296 49.9833924031878, 19.834328297525296 49.9833924031878))",5371.811914552214,76584.0582402976,427638.36135595944,26,15788317934.353975,21281.833644339353
875262cf0ffffff,0.0,"POLYGON ((19.890809463317655 49.988013494992565, 19.87871491410452 49.984723628395216, 19.8706055947745 49.993259308442404, 19.874589103213538 50.005083116030136, 19.886681239136962 50.00837427181369, 19.894792279774418 49.99984033137099, 19.890809463317655 49.988013494992565, 19.890809463317655 49.988013494992565))",4056.8383135818476,80399.10154934812,482266.201916664,47,14874932547.73896,15445.673180389746
875262c50ffffff,7205.463299288715,"POLYGON ((19.946807652006576 50.089193522248124, 19.93472061166446 50.08589480407908, 19.926605865152787 50.09441453553341, 19.930576443857458 50.10623123751076, 19.942661066847556 50.109531236651016, 19.950777528346126 50.101013253390136, 19.946807652006576 50.089193522248124, 19.946807652006576 50.089193522248124))",15534.93197238945,201197.61922599372,408808.0162353467,398,15682460266.68467,10949.677261287423
8752666caffffff,0.0,"POLYGON ((20.213301771223406 50.097469389170364, 20.201200283720947 50.09416150759306, 20.193054369548687 50.10270172200181, 20.197008238435266 50.11454806068436, 20.20910730522984 50.117857229116964, 20.217254923706488 50.10931877256338, 20.213301771223406 50.097469389170364, 20.213301771223406 50.097469389170364))",920.8378539078963,18582.442234879854,6479.053789365513,1,15709337722.012207,25320.088363688345
875262d58ffffff,0.0,"POLYGON ((20.05977418094381 50.09855286937005, 20.047681579207122 50.09524986326895, 20.03955365154266 50.10377707555097, 20.043516615238797 50.11560554181548, 20.055606797974733 50.11890983082056, 20.063736435876173 50.11038437120625, 20.05977418094381 50.09855286937005, 20.05977418094381 50.09855286937005))",3137.8322124946044,66020.18149279777,207669.01884812076,68,15635919555.984577,12066.916990078964
875262c15ffffff,0.0,"POLYGON ((19.99189158391494 49.96174738649997, 19.979788313287205 49.95845611666434, 19.971666803563153 49.96700555254738, 19.975646845821007 49.97884451752864, 19.987747702825786 49.98213708159169, 19.995870931059528 49.97358938699572, 19.99189158391494 49.96174738649997, 19.99189158391494 49.96174738649997))",4969.606659219029,49330.76929613623,257302.3741016441,10,16086398077.542974,13359.477643022667
8752666deffffff,1590.0018320048082,"POLYGON ((20.205622430138387 50.04150917316075, 20.193515391412276 50.03820544988348, 20.185369753163624 50.04675644565235, 20.18932944657299 50.058609411371656, 20.201434066540845 50.06191442665716, 20.209581411719505 50.053365184767266, 20.205622430138387 50.04150917316075, 20.205622430138387 50.04150917316075))",2781.3336192013217,47057.151236585676,141966.14136445048,15,15264157541.902836,22306.285163898636
875262c06ffffff,0.0,"POLYGON ((20.0079735249658 49.97688223225022, 19.995870931059528 49.97358938699572, 19.987747702825786 49.98213708159169, 19.991725351094225 49.99397587915118, 20.00382553067623 49.99727001759751, 20.01195047617764 49.988724065842234, 20.0079735249658 49.97688223225022, 20.0079735249658 49.97688223225022))",7024.643171356689,44785.02585009714,963741.9406891089,18,15337032154.747364,10660.770821919386
875262d70ffffff,3527.0517786440155,"POLYGON ((20.144876796262327 50.05724357102854, 20.13277489362965 50.0539407048898, 20.12463652493561 50.06248342723382, 20.128598350090517 50.07432726342179, 20.140697834119912 50.07763141853761, 20.14883791145938 50.06909044903932, 20.144876796262327 50.05724357102854, 20.144876796262327 50.05724357102854))",8339.218749682375,48196.906273435256,417726.67373741505,78,14835047746.934261,15878.146701319818
875262c5effffff,0.0,"POLYGON ((19.922462425535027 50.11474647947914, 19.910379543916743 50.11144676786561, 19.902267970565543 50.1199592700365, 19.9062375638277 50.13176973532439, 19.918318027541943 50.13507072487267, 19.92643131575871 50.12655997174507, 19.922462425535027 50.11474647947914, 19.922462425535027 50.11474647947914))",5956.7624603601325,56575.10201293732,140520.82143380775,49,15705160184.505856,16132.736134180795
875262c73ffffff,3094.4782336622197,"POLYGON ((19.983070891598413 50.09909338760353, 19.97098279315481 50.09579281385832, 19.96286389027892 50.104313539907714, 19.966831372527455 50.11613309016775, 19.978917052855913 50.119434944848095, 19.987037668911896 50.11091596888121, 19.983070891598413 50.09909338760353, 19.983070891598413 50.09909338760353))",9450.084524585473,124114.15526422027,198945.70808624593,345,15676442930.773321,10810.454755431507
8752666daffffff,2325.3184593425813,"POLYGON ((20.185369753163624 50.04675644565235, 20.17326442400584 50.04345300793473, 20.165121207103883 50.05200124438792, 20.169081611718816 50.063851165575564, 20.181184522168305 50.067155894290075, 20.18932944657299 50.058609411371656, 20.185369753163624 50.04675644565235, 20.185369753163624 50.04675644565235))",0.0,34614.64123968316,81582.17625382025,5,15270988768.538422,20097.840199124854
875262d5cffffff,0.0,"POLYGON ((20.07999886817123 50.093326202231246, 20.067904542187016 50.090022908650106, 20.05977418094381 50.09855286937005, 20.063736435876173 50.11038437120625, 20.075828342798392 50.113688948695646, 20.0839604137112 50.105160740990094, 20.07999886817123 50.093326202231246, 20.07999886817123 50.093326202231246))",7294.981661689651,95798.69498834427,30545.902091088825,72,15628905878.50869,12644.96247403295
8752666d9ffffff,593.2899078305509,"POLYGON ((20.19724471192104 50.08231194319344, 20.18514251134645 50.07900563795445, 20.176998302736763 50.08754760866371, 20.18095458900016 50.09939412886293, 20.193054369548687 50.10270172200181, 20.201200283720947 50.09416150759306, 20.19724471192104 50.08231194319344, 20.19724471192104 50.08231194319344))",4787.141911151748,36729.81634591774,83578.41677862899,7,15573433139.95225,22683.864121818668
875262c52ffffff,12246.747305063443,"POLYGON ((19.930748343185886 50.074074893784044, 19.91866062763103 50.07077774414858, 19.910547597348806 50.07929922225331, 19.91452056625351 50.091116103890414, 19.926605865152787 50.09441453553341, 19.93472061166446 50.08589480407908, 19.930748343185886 50.074074893784044, 19.930748343185886 50.074074893784044))",18811.004222763353,296680.47126311716,236788.32760916316,1184,14893135001.705774,10346.163261494545
875262c09ffffff,5020.089960196523,"POLYGON ((19.97116238266497 50.06361886133817, 19.959071186516788 50.06032114080585, 19.950953273035605 50.06884810736164, 19.95492484045728 50.080671047660324, 19.96701361981146 50.08397005220511, 19.975133248399654 50.0754448329868, 19.97116238266497 50.06361886133817, 19.97116238266497 50.06361886133817))",12846.251699287506,273802.4203918575,67981.25804088116,1041,14879745028.056723,5789.328743240151
875262cccffffff,1863.4700883515152,"POLYGON ((19.854099445933304 50.074633212456256, 19.842016304960914 50.07133848646327, 19.83391233208983 50.07985348718512, 19.837889780908235 50.091661470367264, 19.84997050614578 50.09495747640106, 19.858076198161317 50.0864442197579, 19.854099445933304 50.074633212456256, 19.854099445933304 50.074633212456256))",5927.155764760451,80088.14053708468,175347.96527681977,55,15709854484.922052,17960.19421041822
875262c1cffffff,2479.9026016440866,"POLYGON ((19.96752605148299 49.98738945829342, 19.95542693382185 49.98409717557705, 19.947308575195002 49.99263936401202, 19.951287615701055 50.00447209354653, 19.963384319164735 50.0077656674366, 19.971504396183057 49.999225221167286, 19.96752605148299 49.98738945829342, 19.96752605148299 49.98738945829342))",7165.476701830832,92060.28777537309,760718.6493912373,155,14855825573.89165,9786.230196540202
875262c75ffffff,0.0,"POLYGON ((20.019337284226953 50.10899882242485, 20.007248138316506 50.10569639173465, 19.9991250832494 50.11421811164113, 20.003089462584363 50.12604051081272, 20.015176189621464 50.129344222401066, 20.023300956057586 50.120824254468054, 20.019337284226953 50.10899882242485, 20.019337284226953 50.10899882242485))",4771.559661216821,47489.49746155035,125799.56368541913,4,15698720288.972155,12343.39187282945
875262d40ffffff,0.0,"POLYGON ((20.116283892433156 50.103239803524055, 20.10418854447896 50.09993464951558, 20.09605404237386 50.108465606814086, 20.100013180235056 50.120299963760104, 20.112106108381322 50.123606401640274, 20.12024231833497 50.115077199252624, 20.116283892433156 50.103239803524055, 20.116283892433156 50.103239803524055))",5493.427138329979,61163.723390902625,133639.37751268683,35,15622949368.644613,16707.221911194065
875262d29ffffff,2720.026859942687,"POLYGON ((20.169302315162437 50.03159986694753, 20.157196280015405 50.028298006982325, 20.14905477187092 50.03684799541333, 20.153017589978184 50.048698092383276, 20.165121207103883 50.05200124438792, 20.17326442400584 50.04345300793473, 20.169302315162437 50.03159986694753, 20.169302315162437 50.03159986694753))",3424.5354105034685,53558.07414565352,53784.65279990333,16,15427636837.578152,18294.993112301432
875262d72ffffff,2415.368032148277,"POLYGON ((20.12881136688169 50.0420936505832, 20.116708763284947 50.03879236048161, 20.108572104489237 50.0473368341171, 20.112536339253932 50.059180847113566, 20.12463652493561 50.06248342723382, 20.13277489362965 50.0539407048898, 20.12881136688169 50.0420936505832, 20.12881136688169 50.0420936505832))",3741.551441755738,35850.07449636841,223441.46660030007,7,15328323123.764872,13765.08326781904
875262ce4ffffff,16996.968642572676,"POLYGON ((19.939030401647756 50.03337251990999, 19.926937854666857 50.0300779404046, 19.918823375127392 50.03860839699714, 19.922799724839518 50.05043168939784, 19.934889856422327 50.053727554987866, 19.943006053553436 50.0451988426405, 19.939030401647756 50.03337251990999, 19.939030401647756 50.03337251990999))",12170.99121431753,276108.7439937845,194623.67285014506,1230,14877804595.884743,7425.256350441194
875262d73ffffff,4236.936692471013,"POLYGON ((20.12463652493561 50.06248342723382, 20.112536339253932 50.059180847113566, 20.10440039741378 50.06772081466213, 20.108362931901514 50.07956161038057, 20.120460699034957 50.08286547846947, 20.128598350090517 50.07432726342179, 20.12463652493561 50.06248342723382, 20.12463652493561 50.06248342723382))",3282.405357692621,45851.9078318178,596353.9183125892,69,14841695603.915627,13926.200998611841
875262d54ffffff,977.0691397225896,"POLYGON ((20.108572104489237 50.0473368341171, 20.09647122035438 50.0440358291773, 20.088336988981585 50.05257754767386, 20.092301931138227 50.06441852071272, 20.10440039741378 50.06772081466213, 20.112536339253932 50.059180847113566, 20.108572104489237 50.0473368341171, 20.108572104489237 50.0473368341171))",3753.874011656966,29648.46092509089,533458.6333712547,0,14840703379.939678,11601.312066881013
875262cf4ffffff,0.0,"POLYGON ((19.911017522707052 49.982765214331614, 19.898921224340846 49.979475066776274, 19.890809463317655 49.988013494992565, 19.894792279774418 49.99984033137099, 19.906886164780904 50.003131769118994, 19.914999646553788 49.994595080843936, 19.911017522707052 49.982765214331614, 19.911017522707052 49.982765214331614))",8012.652890232465,129861.83544846838,364705.3581801815,204,15630706990.43231,14247.748342200388
875262d63ffffff,0.0,"POLYGON ((20.152571961275967 50.11315898884645, 20.140475602017073 50.10985197303679, 20.13233696326399 50.118383926172434, 20.136292977607226 50.13022113885904, 20.14838691631725 50.13352943850301, 20.15652726109342 50.124999242176614, 20.152571961275967 50.11315898884645, 20.152571961275967 50.11315898884645))",0.0,15983.704906797106,54662.154377025516,0,15617007632.491756,20903.564285260098
875262d50ffffff,1541.6462929175977,"POLYGON ((20.088336988981585 50.05257754767386, 20.076237826762487 50.04927682804872, 20.068106024640077 50.05781579291076, 20.072071673563112 50.06965372734372, 20.084168417980344 50.072955734970435, 20.092301931138227 50.06441852071272, 20.088336988981585 50.05257754767386, 20.088336988981585 50.05257754767386))",6257.578730930918,56314.53823675252,383275.49638029287,16,14847397043.533768,9566.140444897486
875262cddffffff,182.7134452425284,"POLYGON ((19.82197185294806 50.04442278227773, 19.80988739252719 50.04113118916887, 19.801786861653476 50.04964967342788, 19.80576906944662 50.0614580103432, 19.8178511155392 50.064750885558325, 19.82595336802918 50.05623414229784, 19.82197185294806 50.04442278227773, 19.82197185294806 50.04442278227773))",6933.946321594678,65830.52507057015,588762.3692468021,18,15682722597.66001,20429.512605606335
875262c28ffffff,4509.579664354022,"POLYGON ((20.031814747800748 50.04791634915995, 20.019718349034775 50.044617773419866, 20.011593124297125 50.053152983888786, 20.015562584770894 50.06498502228005, 20.02765656654805 50.06828488504709, 20.035783504702174 50.05975142294518, 20.031814747800748 50.04791634915995, 20.031814747800748 50.04791634915995))",3721.8300147597934,79446.514842909,212423.7884733467,86,14859704211.104937,3382.703664964283
875262c08ffffff,17351.501104161012,"POLYGON ((19.975310175618166 50.043259968068774, 19.96321656330568 50.03996353358987, 19.955097926718157 50.04849499275103, 19.959071186516788 50.06032114080585, 19.97116238266497 50.06361886133817, 19.9792827350409 50.05508914831057, 19.975310175618166 50.043259968068774, 19.975310175618166 50.043259968068774))",15955.919565988946,230514.32030161942,130712.65306285904,899,14872084554.38267,3439.779407893612
875262cc2ffffff,2481.84304964206,"POLYGON ((19.846283968131203 50.018851885740816, 19.83419533765355 50.01556129434668, 19.826091631211817 50.02408700027123, 19.83007483336961 50.035901558000404, 19.84216105007117 50.03919343453579, 19.85026647825379 50.03066946874729, 19.846283968131203 50.018851885740816, 19.846283968131203 50.018851885740816))",5682.027389497022,47877.782363122926,234157.59674169915,14,15667590056.742136,18018.92118413714
875262ce8ffffff,3494.402010601784,"POLYGON ((19.890351039751003 50.084521094415976, 19.878266814507434 50.08122451628084, 19.87015867461221 50.089740511917235, 19.874133042473535 50.10155134027287, 19.886214851206663 50.104849198414165, 19.894324708450192 50.09633494874019, 19.890351039751003 50.084521094415976, 19.890351039751003 50.084521094415976))",12184.616928129106,144842.5975439242,159473.87057967263,334,14906548546.599092,15084.541190153735
875262c04ffffff,54.27228499878531,"POLYGON ((20.024052390155283 49.992018486335006, 20.01195047617764 49.988724065842234, 20.00382553067623 49.99727001759751, 20.007800782991495 50.00910864600118, 20.01990028194545 50.0124043586494, 20.028026943471044 50.003860151288244, 20.024052390155283 49.992018486335006, 20.024052390155283 49.992018486335006))",15764.449292825739,151164.30474712045,591873.6452793736,234,15400490629.89128,8303.176735070097
875262c0dffffff,16570.466368299487,"POLYGON ((19.991375667834248 50.05838715406412, 19.9792827350409 50.05508914831057, 19.97116238266497 50.06361886133817, 19.975133248399654 50.0754448329868, 19.987223764332317 50.07874412375683, 19.995345831252692 50.07021615841009, 19.991375667834248 50.05838715406412, 19.991375667834248 50.05838715406412))",9970.283281587075,217264.0861526269,509466.5245706695,1064,14873058872.966686,3793.1762299359925
875262cd5ffffff,0.0,"POLYGON ((19.85040592130663 49.99850265633273, 19.83831487768451 49.99521335211499, 19.830210447136402 50.003743540313515, 19.83419533765355 50.01556129434668, 19.846283968131203 50.018851885740816, 19.85439012109937 50.010323436472305, 19.85040592130663 49.99850265633273, 19.85040592130663 49.99850265633273))",3869.572848291772,47904.2853784922,1749797.9864845083,20,14888337857.3183,18573.6616818559
875262d51ffffff,474.94487074132076,"POLYGON ((20.084168417980344 50.072955734970435, 20.072071673563112 50.06965372734372, 20.06394059091208 50.078188189814036, 20.067904542187016 50.090022908650106, 20.07999886817123 50.093326202231246, 20.088131661175 50.0847934915718, 20.084168417980344 50.072955734970435, 20.084168417980344 50.072955734970435))",3842.658921436487,55292.270559477525,25643.675633297473,64,14855008920.299288,10630.182453566258
875262c25ffffff,0.0,"POLYGON ((20.07643395040423 50.01704785013644, 20.064331678966322 50.01374999610917, 20.056200872277806 50.022295211841254, 20.060170623923156 50.03413653431001, 20.072270478885642 50.037435679426586, 20.080402998540734 50.02889221153541, 20.07643395040423 50.01704785013644, 20.07643395040423 50.01704785013644))",2755.5628103871827,63703.25418856572,268793.89882441,97,15333159416.663948,8741.907296910898
875262c00ffffff,2309.412348948481,"POLYGON ((20.00382553067623 49.99727001759751, 19.991725351094225 49.99397587915118, 19.98360283892611 50.00251907741268, 19.987578789615625 50.01435467061452, 19.99967655423588 50.017650100207334, 20.007800782991495 50.00910864600118, 20.00382553067623 49.99727001759751, 20.00382553067623 49.99727001759751))",10720.216916415633,165692.90161869203,943588.3923684896,533,15407408051.543407,7128.674520467001
875262d75ffffff,2917.3201913747243,"POLYGON ((20.160939109928403 50.07239489103045, 20.14883791145938 50.06909044903932, 20.140697834119912 50.07763141853761, 20.144657247719653 50.089475076178424, 20.156756026898968 50.09278080610422, 20.16489781162962 50.08424159100567, 20.160939109928403 50.07239489103045, 20.160939109928403 50.07239489103045))",8547.393854953021,53830.87441895079,146747.08413845845,21,14836046627.593628,18301.567382828536
875262c24ffffff,0.0,"POLYGON ((20.08059643594871 49.996652305823694, 20.06849174867241 49.99335574493476, 20.060360227073637 50.0019054631155, 20.064331678966322 50.01374999610917, 20.07643395040423 50.01704785013644, 20.084567185650894 50.00849987858234, 20.08059643594871 49.996652305823694, 20.08059643594871 49.996652305823694))",9399.622644685858,100058.04107192502,417884.80304460437,69,15387683786.699673,11072.248968164673
875262d76ffffff,1466.3333997045254,"POLYGON ((20.14905477187092 50.03684799541333, 20.13695045126919 50.03354642030325, 20.12881136688169 50.0420936505832, 20.13277489362965 50.0539407048898, 20.144876796262327 50.05724357102854, 20.153017589978184 50.048698092383276, 20.14905477187092 50.03684799541333, 20.14905477187092 50.03684799541333))",4056.942305663425,76926.39456597736,234045.9922719048,25,15438383066.130993,16005.633062546332
875262cebffffff,43.421477752275386,"POLYGON ((19.87015867461221 50.089740511917235, 19.858076198161317 50.0864442197579, 19.84997050614578 50.09495747640106, 19.85394557253609 50.106765280131526, 19.866025632551725 50.1100628512978, 19.874133042473535 50.10155134027287, 19.87015867461221 50.089740511917235, 19.87015867461221 50.089740511917235))",6147.173169783521,68676.07719955954,1425772.7656728392,32,15745383579.325848,17475.365714478477
875262d52ffffff,5749.827344674901,"POLYGON ((20.072270478885642 50.037435679426586, 20.060170623923156 50.03413653431001, 20.052040534085602 50.042677248224244, 20.056008586787794 50.05451535875275, 20.068106024640077 50.05781579291076, 20.076237826762487 50.04927682804872, 20.072270478885642 50.037435679426586, 20.072270478885642 50.037435679426586))",4869.932348651641,74263.54341182811,164536.52159379396,35,14846373060.587667,7458.678887003601
875262c2bffffff,8988.294874051246,"POLYGON ((20.011593124297125 50.053152983888786, 19.999498457296948 50.04985469306597, 19.991375667834248 50.05838715406412, 19.995345831252692 50.07021615841009, 20.00743808132731 50.07351573525425, 20.015562584770894 50.06498502228005, 20.011593124297125 50.053152983888786, 20.011593124297125 50.053152983888786))",10256.968615437607,162805.84868077424,365516.15555949585,459,14866378601.703686,2650.9658902141473
875262ca9ffffff,0.0,"POLYGON ((19.91514790487398 49.96239097173329, 19.903049193784987 49.95910211641106, 19.894936714300794 49.96764503302226, 19.898921224340846 49.979475066776274, 19.911017522707052 49.982765214331614, 19.919131723619905 49.974224036448234, 19.91514790487398 49.96239097173329, 19.91514790487398 49.96239097173329))",7795.109800579766,80457.41355781123,371813.6471253169,46,15622677248.233982,16552.40320656688
875262c1bffffff,0.0,"POLYGON ((19.927095278212857 49.997886800402505, 19.914999646553788 49.994595080843936, 19.906886164780904 50.003131769118994, 19.91086659501856 50.014958436010886, 19.92295981261384 50.01825144472858, 19.931075013898347 50.009716497943366, 19.927095278212857 49.997886800402505, 19.927095278212857 49.997886800402505))",10310.451111282933,176297.81624835345,823988.644118379,263,14869192470.510029,11181.432042972732
875262d5bffffff,1202.5889786152147,"POLYGON ((20.03955365154266 50.10377707555097, 20.027462776498147 50.10047435708027, 20.019337284226953 50.10899882242485, 20.023300956057586 50.120824254468054, 20.035389412164175 50.12412825483937, 20.043516615238797 50.11560554181548, 20.03955365154266 50.10377707555097, 20.03955365154266 50.10377707555097))",8615.02349774145,58946.962820413886,163741.29856862512,24,15733068417.799942,11962.493260057374
875262ceaffffff,5215.089367733298,"POLYGON ((19.87429075950271 50.06941048351688, 19.862205867241123 50.06611547239806, 19.854099445933304 50.074633212456256, 19.858076198161317 50.0864442197579, 19.87015867461221 50.089740511917235, 19.878266814507434 50.08122451628084, 19.87429075950271 50.06941048351688, 19.87429075950271 50.06941048351688))",4545.32377243255,103406.3941888485,239716.27582696985,113,14905581886.012352,15538.14888856025
875262c21ffffff,4471.9987979824955,"POLYGON ((20.056200872277806 50.022295211841254, 20.04410032777349 50.01899764141678, 20.035971951468706 50.02754010283085, 20.039942405997934 50.03937838771948, 20.052040534085602 50.042677248224244, 20.060170623923156 50.03413653431001, 20.056200872277806 50.022295211841254, 20.056200872277806 50.022295211841254))",6408.286731039506,149823.6608774743,270970.3433952258,493,14845392637.08072,6318.191898332844
875262c76ffffff,14790.802617891035,"POLYGON ((20.00743808132731 50.07351573525425, 19.995345831252692 50.07021615841009, 19.987223764332317 50.07874412375683, 19.991192234049105 50.09056991726849, 20.00328206656872 50.09387077809129, 20.01140584678801 50.08534456197235, 20.00743808132731 50.07351573525425, 20.00743808132731 50.07351573525425))",13113.990451300488,294123.3187320884,734454.0331619196,951,14874038336.67144,6091.768024627499
875262c51ffffff,974.8100213892765,"POLYGON ((19.942661066847556 50.109531236651016, 19.930576443857458 50.10623123751076, 19.922462425535027 50.11474647947914, 19.92643131575871 50.12655997174507, 19.93851352077263 50.129861249819186, 19.94662925339973 50.12134775724069, 19.942661066847556 50.109531236651016, 19.942661066847556 50.109531236651016))",6218.4510245512065,74049.37109821664,193747.11922110847,49,15690547601.557955,14167.834561356145
875262c01ffffff,2128.0052012983656,"POLYGON ((19.99967655423588 50.017650100207334, 19.987578789615625 50.01435467061452, 19.97945699544731 50.022893373167385, 19.98343124985499 50.03472576059516, 19.99552659887821 50.038022479289964, 20.00365010895347 50.02948552200407, 19.99967655423588 50.017650100207334, 19.99967655423588 50.017650100207334))",5928.63971027705,174881.90988704964,376589.6711913407,567,14857754606.953386,3650.596184561859
875262c54ffffff,9947.916721096515,"POLYGON ((19.96701361981146 50.08397005220511, 19.95492484045728 50.080671047660324, 19.946807652006576 50.089193522248124, 19.950777528346126 50.101013253390136, 19.96286389027892 50.104313539907714, 19.97098279315481 50.09579281385832, 19.96701361981146 50.08397005220511, 19.96701361981146 50.08397005220511))",15611.564355210996,286321.4291372644,185688.86630073877,1238,14887413476.665146,8974.747463500385
875262d71ffffff,194.54283466895373,"POLYGON ((20.140697834119912 50.07763141853761, 20.128598350090517 50.07432726342179, 20.120460699034957 50.08286547846947, 20.124420823907865 50.09470609512984, 20.136517888701924 50.09801153717237, 20.144657247719653 50.089475076178424, 20.140697834119912 50.07763141853761, 20.140697834119912 50.07763141853761))",3689.615464479295,30314.449927526934,419507.9145677949,21,14842692966.443722,16537.266272091034
875262c72ffffff,13709.539110748115,"POLYGON ((19.987223764332317 50.07874412375683, 19.975133248399654 50.0754448329868, 19.96701361981146 50.08397005220511, 19.97098279315481 50.09579281385832, 19.983070891598413 50.09909338760353, 19.991192234049105 50.09056991726849, 19.987223764332317 50.07874412375683, 19.987223764332317 50.07874412375683))",15567.143809938658,297235.14697816956,234199.02041658928,2946,14880722963.846346,7276.547364342545
875262d46ffffff,2147.793336883609,"POLYGON ((20.120460699034957 50.08286547846947, 20.108362931901514 50.07956161038057, 20.100227708959082 50.08809707248226, 20.10418854447896 50.09993464951558, 20.116283892433156 50.103239803524055, 20.124420823907865 50.09470609512984, 20.120460699034957 50.08286547846947, 20.120460699034957 50.08286547846947))",3045.7416460265713,21852.04754390552,99916.67447415665,4,14849345170.592281,14960.695281800601
875262d44ffffff,0.0,"POLYGON ((20.136517888701924 50.09801153717237, 20.124420823907865 50.09470609512984, 20.116283892433156 50.103239803524055, 20.12024231833497 50.115077199252624, 20.13233696326399 50.118383926172434, 20.140475602017073 50.10985197303679, 20.136517888701924 50.09801153717237, 20.136517888701924 50.09801153717237))",5606.775053220128,52144.97490593327,69109.6913648135,19,15615949639.777063,17896.394995616487
875262c03ffffff,373.26264322270407,"POLYGON ((19.98360283892611 50.00251907741268, 19.971504396183057 49.999225221167286, 19.963384319164735 50.0077656674366, 19.967360967602453 50.01959822678374, 19.97945699544731 50.022893373167385, 19.987578789615625 50.01435467061452, 19.98360283892611 50.00251907741268, 19.98360283892611 50.00251907741268))",9989.70988788804,217622.64902339762,583007.43055864,688,14856787519.018078,6669.7248214326855
875262d60ffffff,0.0,"POLYGON ((20.172811098134147 50.107931588008164, 20.160713027001094 50.10462428345862, 20.152571961275967 50.11315898884645, 20.15652726109342 50.124999242176614, 20.168622911622872 50.12830783156636, 20.176765682799058 50.11977488333664, 20.172811098134147 50.107931588008164, 20.172811098134147 50.107931588008164))",0.0,19070.665724356917,22026.99413603453,4,15610015668.087852,22208.072818834546
875262c56ffffff,9173.677905821853,"POLYGON ((19.950953273035605 50.06884810736164, 19.938863815967885 50.06555067220216, 19.930748343185886 50.074074893784044, 19.93472061166446 50.08589480407908, 19.946807652006576 50.089193522248124, 19.95492484045728 50.080671047660324, 19.950953273035605 50.06884810736164, 19.950953273035605 50.06884810736164))",15305.020127934202,275463.0384084257,130675.27835783403,1476,14886437069.963133,8025.209339887538
875262cd1ffffff,0.0,"POLYGON ((19.830210447136402 50.003743540313515, 19.818121159946383 50.00045451751659, 19.810019176479624 50.00898196203352, 19.814004757091055 50.02079669130141, 19.826091631211817 50.02408700027123, 19.83419533765355 50.01556129434668, 19.830210447136402 50.003743540313515, 19.830210447136402 50.003743540313515))",6791.926030553661,75059.78237872441,1542437.8497033024,21,15666593380.409636,20391.32901126149
875262c31ffffff,0.0,"POLYGON ((20.02820351363882 49.97162490861092, 20.01609918527601 49.96833178232062, 20.0079735249658 49.97688223225022, 20.01195047617764 49.988724065842234, 20.024052390155283 49.992018486335006, 20.032179767169847 49.9834697795833, 20.02820351363882 49.97162490861092, 20.02820351363882 49.97162490861092))",8441.376043628288,85235.78880793127,499797.7585328309,5,15392576502.210274,11844.366935433016
875262c1dffffff,8875.542167817373,"POLYGON ((19.963384319164735 50.0077656674366, 19.951287615701055 50.00447209354653, 19.943169975645127 50.01300978932409, 19.947147321204273 50.02483931616287, 19.959241609835065 50.02813417918395, 19.967360967602453 50.01959822678374, 19.963384319164735 50.0077656674366, 19.963384319164735 50.0077656674366))",14080.662579605352,259658.1694461723,208463.273185623,660,14863466493.848425,7066.5666221761585
875262cdeffffff,3285.183260751897,"POLYGON ((19.810019176479624 50.00898196203352, 19.797931648142104 50.00569322081088, 19.789832113545437 50.014217923139974, 19.793818383620277 50.026029628982876, 19.805903498965336 50.02931965537558, 19.814004757091055 50.02079669130141, 19.810019176479624 50.00898196203352, 19.810019176479624 50.00898196203352))",2772.1068017847124,65909.04734840262,475030.0536776188,76,15673658736.336641,22324.137266697027
8752666dbffffff,1508.5801836421397,"POLYGON ((20.181184522168305 50.067155894290075, 20.169081611718816 50.063851165575564, 20.160939109928403 50.07239489103045, 20.16489781162962 50.08424159100567, 20.176998302736763 50.08754760866371, 20.18514251134645 50.07900563795445, 20.181184522168305 50.067155894290075, 20.181184522168305 50.067155894290075))",4166.019293901023,43146.50735014728,88483.03868940112,3,14829406150.949162,20204.677336349512
875262ce3ffffff,2804.421329324964,"POLYGON ((19.89862053450945 50.04384181209567, 19.886531478124194 50.04054780007944, 19.878421884022753 50.04907276685425, 19.8823996274586 50.060890002629264, 19.894486268586967 50.06418529872306, 19.902597581398535 50.05566207551142, 19.89862053450945 50.04384181209567, 19.89862053450945 50.04384181209567))",5385.216866935189,91051.44792763371,958149.582498091,54,14891200696.17398,11908.725901194377
875262d43ffffff,0.0,"POLYGON ((20.09605404237386 50.108465606814086, 20.0839604137112 50.105160740990094, 20.075828342798392 50.113688948695646, 20.079788191991014 50.125520268211766, 20.091879400904485 50.128826416902704, 20.100013180235056 50.120299963760104, 20.09605404237386 50.108465606814086, 20.09605404237386 50.108465606814086))",6004.271891388084,47557.9854217465,143487.42967687943,9,15629955270.175608,15804.203379819373
875262cd4ffffff,350.58842414039475,"POLYGON ((19.854526906396234 49.97814574709702, 19.842433450263567 49.97485773209188, 19.834328297525296 49.9833924031878, 19.83831487768451 49.99521335211499, 19.85040592130663 49.99850265633273, 19.858512797143728 49.989969722957746, 19.854526906396234 49.97814574709702, 19.854526906396234 49.97814574709702))",6661.120549066264,69733.88178318892,179478.7100667724,75,15781204904.914793,19762.268707906424
875262c05ffffff,4878.928153589965,"POLYGON ((20.01990028194545 50.0124043586494, 20.007800782991495 50.00910864600118, 19.99967655423588 50.017650100207334, 20.00365010895347 50.02948552200407, 20.01574719224752 50.032782524761956, 20.023873136346662 50.024242816162946, 20.01990028194545 50.0124043586494, 20.01990028194545 50.0124043586494))",6888.370967624424,208114.1218905048,411962.09146605514,660,14851083041.731007,4790.398291684086
875262c1affffff,136.2072594602792,"POLYGON ((19.931229768707023 49.97751446480683, 19.919131723619905 49.974224036448234, 19.911017522707052 49.982765214331614, 19.914999646553788 49.994595080843936, 19.927095278212857 49.997886800402505, 19.935211199316775 49.989347362797204, 19.931229768707023 49.97751446480683, 19.931229768707023 49.97751446480683))",12987.509586601072,73847.96979258803,482939.56236853224,36,15623676098.136816,13386.399140798296
875262cf2ffffff,0.0,"POLYGON ((19.87472971339703 49.97289662425912, 19.862634503183227 49.96960832899299, 19.854526906396234 49.97814574709702, 19.858512797143728 49.989969722957746, 19.8706055947745 49.993259308442404, 19.87871491410452 49.984723628395216, 19.87472971339703 49.97289662425912, 19.87472971339703 49.97289662425912))",9304.430377416264,58816.29282670529,517561.7960987301,33,15811429304.059544,18437.18345359405
875262d42ffffff,286.0216253019579,"POLYGON ((20.100227708959082 50.08809707248226, 20.088131661175 50.0847934915718, 20.07999886817123 50.093326202231246, 20.0839604137112 50.105160740990094, 20.09605404237386 50.108465606814086, 20.10418854447896 50.09993464951558, 20.100227708959082 50.08809707248226, 20.100227708959082 50.08809707248226))",5872.400866191589,36239.78525212638,37419.02521087431,25,14856003242.907837,13636.826673636384
875262c0bffffff,7676.341635748962,"POLYGON ((19.955097926718157 50.04849499275103, 19.943006053553436 50.0451988426405, 19.934889856422327 50.053727554987866, 19.938863815967885 50.06555067220216, 19.950953273035605 50.06884810736164, 19.959071186516788 50.06032114080585, 19.955097926718157 50.04849499275103, 19.955097926718157 50.04849499275103))",11730.761492777818,302822.88963543123,173767.587863126,3803,14878772238.728807,5852.305078978553
875262c1effffff,333.90150591753644,"POLYGON ((19.951446197075338 49.97226124476395, 19.939346407702363 49.96897053575733, 19.931229768707023 49.97751446480683, 19.935211199316775 49.989347362797204, 19.947308575195002 49.99263936401202, 19.95542693382185 49.98409717557705, 19.951446197075338 49.97226124476395, 19.951446197075338 49.97226124476395))",7783.516897099138,85715.89066708618,389621.8287483664,52,15643184503.294846,12929.383573804775
875262d5effffff,4442.011161325111,"POLYGON ((20.06394059091208 50.078188189814036, 20.05184557080251 50.07488646866167, 20.043716920479397 50.0834181808472, 20.047681579207122 50.09524986326895, 20.05977418094381 50.09855286937005, 20.067904542187016 50.090022908650106, 20.06394059091208 50.078188189814036, 20.06394059091208 50.078188189814036))",13507.72828374746,164968.47444639262,566829.7218626833,345,14861674385.609543,9498.57421457145
875262c55ffffff,1076.5183349936358,"POLYGON ((19.96286389027892 50.104313539907714, 19.950777528346126 50.101013253390136, 19.942661066847556 50.109531236651016, 19.94662925339973 50.12134775724069, 19.95871319728605 50.1246493236923, 19.966831372527455 50.11613309016775, 19.96286389027892 50.104313539907714, 19.96286389027892 50.104313539907714))",1968.4442242124396,101225.28344229556,444614.6390007769,89,15683492165.074865,12366.288926221985
875262d55ffffff,2302.023280779494,"POLYGON ((20.10440039741378 50.06772081466213, 20.092301931138227 50.06441852071272, 20.084168417980344 50.072955734970435, 20.088131661175 50.0847934915718, 20.100227708959082 50.08809707248226, 20.108362931901514 50.07956161038057, 20.10440039741378 50.06772081466213, 20.10440039741378 50.06772081466213))",3486.3730615675345,28584.35005494564,26696.304697663854,19,14848349327.41037,12147.845850428132
875262cf5ffffff,3537.7408080283276,"POLYGON ((19.906886164780904 50.003131769118994, 19.894792279774418 49.99984033137099, 19.886681239136962 50.00837427181369, 19.890662363298738 50.02019790940074, 19.902753834310843 50.02349063530202, 19.91086659501856 50.014958436010886, 19.906886164780904 50.003131769118994, 19.906886164780904 50.003131769118994))",9785.322463656817,216997.00175538566,327984.7344894303,564,14875884750.304241,12542.217777538719
875262c70ffffff,643.6342317189294,"POLYGON ((20.00328206656872 50.09387077809129, 19.991192234049105 50.09056991726849, 19.983070891598413 50.09909338760353, 19.987037668911896 50.11091596888121, 19.9991250832494 50.11421811164113, 20.007248138316506 50.10569639173465, 20.00328206656872 50.09387077809129, 20.00328206656872 50.09387077809129))",9843.307085613471,197973.4041266808,321417.145324053,668,15669399895.533068,9620.711067118156
875262ce6ffffff,7879.238571580279,"POLYGON ((19.92295981261384 50.01825144472858, 19.91086659501856 50.014958436010886, 19.902753834310843 50.02349063530202, 19.90673257222931 50.035314101160104, 19.918823375127392 50.03860839699714, 19.926937854666857 50.0300779404046, 19.92295981261384 50.01825144472858, 19.92295981261384 50.01825144472858))",10524.37943642364,252388.71149010153,539911.9987042793,978,14876842099.756027,9806.021548865645
875262d56ffffff,4234.248202547906,"POLYGON ((20.092504577928185 50.03219164111059, 20.080402998540734 50.02889221153541, 20.072270478885642 50.037435679426586, 20.076237826762487 50.04927682804872, 20.088336988981585 50.05257754767386, 20.09647122035438 50.0440358291773, 20.092504577928185 50.03219164111059, 20.092504577928185 50.03219164111059))",3462.2951136942856,49295.59374069558,264262.30227040756,8,15334174081.753727,9768.42438529699
875262c0cffffff,8270.028771043753,"POLYGON ((19.99552659887821 50.038022479289964, 19.98343124985499 50.03472576059516, 19.975310175618166 50.043259968068774, 19.9792827350409 50.05508914831057, 19.991375667834248 50.05838715406412, 19.999498457296948 50.04985469306597, 19.99552659887821 50.038022479289964, 19.99552659887821 50.038022479289964))",8838.406830678196,184674.62141622073,200402.6833255997,304,14865402755.027554,1087.3520810270152
875262cc8ffffff,0.0,"POLYGON ((19.83391233208983 50.07985348718512, 19.821830944826207 50.0765590464687, 19.813729422176838 50.08507130934665, 19.81770756695207 50.09687626975133, 19.829786538558373 50.100171989509775, 19.837889780908235 50.091661470367264, 19.83391233208983 50.07985348718512, 19.83391233208983 50.07985348718512))",6002.700276764473,62696.929230755275,408108.0146456741,17,15716937111.98171,20381.90975566297
875262d64ffffff,0.0,"POLYGON ((20.193054369548687 50.10270172200181, 20.18095458900016 50.09939412886293, 20.172811098134147 50.107931588008164, 20.176765682799058 50.11977488333664, 20.18886304269101 50.12308376232279, 20.197008238435266 50.11454806068436, 20.193054369548687 50.10270172200181, 20.193054369548687 50.10270172200181))",4002.318317704478,22529.656109855307,157602.48884234164,1,15622754880.957937,23690.61263553487
875262cf3ffffff,402.9297935828803,"POLYGON ((19.8706055947745 49.993259308442404, 19.858512797143728 49.989969722957746, 19.85040592130663 49.99850265633273, 19.85439012109937 50.010323436472305, 19.86648050551224 50.0136143101378, 19.874589103213538 50.005083116030136, 19.8706055947745 49.993259308442404, 19.8706055947745 49.993259308442404))",11388.760140484452,57793.9533413681,419401.23838779633,33,14881632254.602531,16908.549495240157
875262c0effffff,9579.629748488847,"POLYGON ((19.97945699544731 50.022893373167385, 19.967360967602453 50.01959822678374, 19.959241609835065 50.02813417918395, 19.96321656330568 50.03996353358987, 19.975310175618166 50.043259968068774, 19.98343124985499 50.03472576059516, 19.97945699544731 50.022893373167385, 19.97945699544731 50.022893373167385))",10677.838666286658,190881.71553494508,234963.7277811564,471,14864432052.416172,3935.686429335712
875262d5dffffff,0.0,"POLYGON ((20.075828342798392 50.113688948695646, 20.063736435876173 50.11038437120625, 20.055606797974733 50.11890983082056, 20.059567357869955 50.13073811425865, 20.071656845103487 50.134043973611135, 20.079788191991014 50.125520268211766, 20.075828342798392 50.113688948695646, 20.075828342798392 50.113688948695646))",4020.9280101224094,22345.040681262846,172845.8731235766,2,15636967347.583582,15238.034078445258
875262c2cffffff,8722.083028591313,"POLYGON ((20.052040534085602 50.042677248224244, 20.039942405997934 50.03937838771948, 20.031814747800748 50.04791634915995, 20.035783504702174 50.05975142294518, 20.047879215739503 50.06305157148369, 20.056008586787794 50.05451535875275, 20.052040534085602 50.042677248224244, 20.052040534085602 50.042677248224244))",7868.536135773455,77007.20415699008,210074.94981309026,65,14853035698.441387,5257.511433302028
875262d53ffffff,5951.236500784863,"POLYGON ((20.068106024640077 50.05781579291076, 20.056008586787794 50.05451535875275, 20.047879215739503 50.06305157148369, 20.05184557080251 50.07488646866167, 20.06394059091208 50.078188189814036, 20.072071673563112 50.06965372734372, 20.068106024640077 50.05781579291076, 20.068106024640077 50.05781579291076))",8245.633249135051,95671.59074671473,602607.6866831591,198,14854019738.77637,7760.882447186651
875262ce1ffffff,8447.512501432187,"POLYGON ((19.914685968968293 50.058957656429016, 19.902597581398535 50.05566207551142, 19.894486268586967 50.06418529872306, 19.89846162573633 50.07600235829265, 19.910547597348806 50.07929922225331, 19.91866062763103 50.07077774414858, 19.914685968968293 50.058957656429016, 19.914685968968293 50.058957656429016))",14730.81401447421,231422.47852487117,219240.11914439482,1762,14910148477.312649,10693.685980056081
875262cc4ffffff,6572.193593435628,"POLYGON ((19.882552044969344 50.0287273626951, 19.87046232296923 50.025434919763185, 19.862354448816134 50.033961628557115, 19.866334576577337 50.045779038810906, 19.878421884022753 50.04907276685425, 19.886531478124194 50.04054780007944, 19.882552044969344 50.0287273626951, 19.882552044969344 50.0287273626951))",5169.096208708948,65215.500520769725,548032.6561578051,18,14890241267.149586,13762.937477817068
875262c2dffffff,11309.149261016748,"POLYGON ((20.047879215739503 50.06305157148369, 20.035783504702174 50.05975142294518, 20.02765656654805 50.06828488504709, 20.03162362712386 50.08011674632044, 20.043716920479397 50.0834181808472, 20.05184557080251 50.07488646866167, 20.047879215739503 50.06305157148369, 20.047879215739503 50.06305157148369))",11422.646230653852,302495.576276317,177854.94349860796,1828,14860686727.138674,6383.037781000935
875262d74ffffff,671.513609305825,"POLYGON ((20.165121207103883 50.05200124438792, 20.153017589978184 50.048698092383276, 20.144876796262327 50.05724357102854, 20.14883791145938 50.06909044903932, 20.160939109928403 50.07239489103045, 20.169081611718816 50.063851165575564, 20.165121207103883 50.05200124438792, 20.165121207103883 50.05200124438792))",0.0,41144.203555006105,181070.09524324615,18,14828405753.27927,17947.355681937497
875262ce5ffffff,8723.834865957448,"POLYGON ((19.934889856422327 50.053727554987866, 19.922799724839518 50.05043168939784, 19.914685968968293 50.058957656429016, 19.91866062763103 50.07077774414858, 19.930748343185886 50.074074893784044, 19.938863815967885 50.06555067220216, 19.934889856422327 50.053727554987866, 19.934889856422327 50.053727554987866))",16266.578831574127,300834.4858628364,421743.7922147496,3341,16955687818.143105,8272.027843515076
875262ce0ffffff,15755.575961058676,"POLYGON ((19.918823375127392 50.03860839699714, 19.90673257222931 50.035314101160104, 19.89862053450945 50.04384181209567, 19.902597581398535 50.05566207551142, 19.914685968968293 50.058957656429016, 19.922799724839518 50.05043168939784, 19.918823375127392 50.03860839699714, 19.918823375127392 50.03860839699714))",9575.511352644715,162602.95413329385,1343376.2840586563,321,14884499699.909193,9622.905847102997
875262cf1ffffff,2864.846140664031,"POLYGON ((19.886681239136962 50.00837427181369, 19.874589103213538 50.005083116030136, 19.86648050551224 50.0136143101378, 19.87046232296923 50.025434919763185, 19.882552044969344 50.0287273626951, 19.890662363298738 50.02019790940074, 19.886681239136962 50.00837427181369, 19.886681239136962 50.00837427181369))",8038.753011084672,120322.93080277675,89850.4368271932,237,14882582921.636234,14189.7759718233
875262c11ffffff,0.0,"POLYGON ((19.971666803563153 49.96700555254738, 19.959565272342374 49.963714563048306, 19.951446197075338 49.97226124476395, 19.95542693382185 49.98409717557705, 19.96752605148299 49.98738945829342, 19.975646845821007 49.97884451752864, 19.971666803563153 49.96700555254738, 19.971666803563153 49.96700555254738))",3283.286752036297,50195.41010561411,601180.1655930593,10,16093627839.042082,12919.99429914507
875262c20ffffff,1086.271517801599,"POLYGON ((20.060360227073637 50.0019054631155, 20.048257266788728 49.99860918481883, 20.040128174314187 50.007156146837865, 20.04410032777349 50.01899764141678, 20.056200872277806 50.022295211841254, 20.064331678966322 50.01374999610917, 20.060360227073637 50.0019054631155, 20.060360227073637 50.0019054631155))",13995.427080930956,121492.86531912687,374180.0525645949,368,15394587437.888004,8807.598276629957
875262c18ffffff,2333.909969299629,"POLYGON ((19.947308575195002 49.99263936401202, 19.935211199316775 49.989347362797204, 19.927095278212857 49.997886800402505, 19.931075013898347 50.009716497943366, 19.943169975645127 50.01300978932409, 19.951287615701055 50.00447209354653, 19.947308575195002 49.99263936401202, 19.947308575195002 49.99263936401202))",16556.111229107526,112842.68663898556,591261.1415294651,195,14862506079.453373,10222.984849273462
875262d0dffffff,0.0,"POLYGON ((20.13298522161694 50.021696149291714, 20.12088020074075 50.01839615125992, 20.112742826933864 50.02694513161871, 20.116708763284947 50.03879236048161, 20.12881136688169 50.0420936505832, 20.13695045126919 50.03354642030325, 20.13298522161694 50.021696149291714, 20.13298522161694 50.021696149291714))",6490.788806751654,42179.921705287095,166623.1731176902,9,15320435134.054514,14506.342364768268
875262d62ffffff,0.0,"POLYGON ((20.156756026898968 50.09278080610422, 20.144657247719653 50.089475076178424, 20.136517888701924 50.09801153717237, 20.140475602017073 50.10985197303679, 20.152571961275967 50.11315898884645, 20.160713027001094 50.10462428345862, 20.156756026898968 50.09278080610422, 20.156756026898968 50.09278080610422))",0.0,20714.47242629307,14228.976390223012,4,15608956080.394161,19319.159436599173
875262cc3ffffff,3168.888423686433,"POLYGON ((19.84216105007117 50.03919343453579, 19.83007483336961 50.035901558000404, 19.82197185294806 50.04442278227773, 19.82595336802918 50.05623414229784, 19.838037170325364 50.059527301940264, 19.846141871808115 50.05100781900184, 19.84216105007117 50.03919343453579, 19.84216105007117 50.03919343453579))",8825.017929625506,74476.41287352488,1395481.129698478,34,14903664020.135403,18156.34355752926
875262cc1ffffff,6038.435810620462,"POLYGON ((19.85822742788953 50.05430126292037, 19.846141871808115 50.05100781900184, 19.838037170325364 50.059527301940264, 19.842016304960914 50.07133848646327, 19.854099445933304 50.074633212456256, 19.862205867241123 50.06611547239806, 19.85822742788953 50.05430126292037, 19.85822742788953 50.05430126292037))",5642.464409118055,103008.22585256567,1730283.187153146,84,14904620377.159128,16597.437452433307
875262c29ffffff,16748.540369049682,"POLYGON ((20.02765656654805 50.06828488504709, 20.015562584770894 50.06498502228005, 20.00743808132731 50.07351573525425, 20.01140584678801 50.08534456197235, 20.0234974109459 50.08864570972255, 20.03162362712386 50.08011674632044, 20.02765656654805 50.06828488504709, 20.02765656654805 50.06828488504709))",15828.639938858872,313350.52612542844,200917.66109255725,2309,14867359592.098814,5747.924157081455
875262cceffffff,0.0,"POLYGON ((19.838037170325364 50.059527301940264, 19.82595336802918 50.05623414229784, 19.8178511155392 50.064750885558325, 19.821830944826207 50.0765590464687, 19.83391233208983 50.07985348718512, 19.842016304960914 50.07133848646327, 19.838037170325364 50.059527301940264, 19.838037170325364 50.059527301940264))",6033.89041853006,69815.22341251417,164397.49013042805,30,14911339068.026596,18970.99064115994
875262cedffffff,0.0,"POLYGON ((19.906408263478856 50.09963309370714, 19.894324708450192 50.09633494874019, 19.886214851206663 50.104849198414165, 19.890186832745094 50.11665984609871, 19.902267970565543 50.1199592700365, 19.910379543916743 50.11144676786561, 19.906408263478856 50.09963309370714, 19.906408263478856 50.09963309370714))",6955.25179437967,62273.50808820581,252536.35105109046,39,14907520358.651264,15291.044006455675
875262c33ffffff,0.0,"POLYGON ((20.012120533868575 49.95648674496353, 20.00001552627774 49.9531951949474, 19.99189158391494 49.96174738649997, 19.995870931059528 49.97358938699572, 20.0079735249658 49.97688223225022, 20.01609918527601 49.96833178232062, 20.012120533868575 49.95648674496353, 20.012120533868575 49.95648674496353))",4133.358867902435,39779.84814260605,441524.2239050764,13,15391579032.302832,14206.519861630397
875262cc6ffffff,1445.951366137204,"POLYGON ((19.86648050551224 50.0136143101378, 19.85439012109937 50.010323436472305, 19.846283968131203 50.018851885740816, 19.85026647825379 50.03066946874729, 19.862354448816134 50.033961628557115, 19.87046232296923 50.025434919763185, 19.86648050551224 50.0136143101378, 19.86648050551224 50.0136143101378))",4845.899783218507,49193.16953078459,973818.3772485725,30,14889286987.509493,16035.706205618208
875262cc0ffffff,13059.722031921221,"POLYGON ((19.862354448816134 50.033961628557115, 19.85026647825379 50.03066946874729, 19.84216105007117 50.03919343453579, 19.846141871808115 50.05100781900184, 19.85822742788953 50.05430126292037, 19.866334576577337 50.045779038810906, 19.862354448816134 50.033961628557115, 19.862354448816134 50.033961628557115))",3391.7563289489426,67910.86602206052,968430.6313425867,29,14896949693.98024,15926.956120193317
8752666dcffffff,0.0,"POLYGON ((20.221687738740812 50.0566704864711, 20.209581411719505 50.053365184767266, 20.201434066540845 50.06191442665716, 20.205391342572234 50.073767215366374, 20.217495250151043 50.07707380803448, 20.225644301002543 50.0685263215813, 20.221687738740812 50.0566704864711, 20.221687738740812 50.0566704864711))",0.0,16515.84131463558,110096.08807666042,5,15558449338.11253,24295.48281389076
875262c74ffffff,9917.861785201392,"POLYGON ((20.0234974109459 50.08864570972255, 20.01140584678801 50.08534456197235, 20.00328206656872 50.09387077809129, 20.007248138316506 50.10569639173465, 20.019337284226953 50.10899882242485, 20.027462776498147 50.10047435708027, 20.0234974109459 50.08864570972255, 20.0234974109459 50.08864570972255))",12767.550090965247,284008.09123793175,255514.652799652,852,15662363056.1456,8944.808518196121
875262cd3ffffff,1665.0052064565232,"POLYGON ((19.814133891004435 49.98863659418197, 19.80204395030631 49.98534914016298, 19.79394369104727 49.993878321728616, 19.797931648142104 50.00569322081088, 19.810019176479624 50.00898196203352, 19.818121159946383 50.00045451751659, 19.814133891004435 49.98863659418197, 19.814133891004435 49.98863659418197))",2561.075801370941,42606.00068531465,368660.2997634285,1,15840519280.557999,22957.11555503591
875262ccaffffff,0.0,"POLYGON ((19.8178511155392 50.064750885558325, 19.80576906944662 50.0614580103432, 19.797669267733497 50.06997201541806, 19.801649791038553 50.08177715405685, 19.813729422176838 50.08507130934665, 19.821830944826207 50.0765590464687, 19.8178511155392 50.064750885558325, 19.8178511155392 50.064750885558325))",12229.394833662216,60699.0974699245,145053.73440974913,79,15761081990.285938,21355.121652144804
875262d5affffff,2324.6389316165205,"POLYGON ((20.043716920479397 50.0834181808472, 20.03162362712386 50.08011674632044, 20.0234974109459 50.08864570972255, 20.027462776498147 50.10047435708027, 20.03955365154266 50.10377707555097, 20.047681579207122 50.09524986326895, 20.043716920479397 50.0834181808472, 20.043716920479397 50.0834181808472))",9909.758402035019,144886.85197600763,155072.02461908536,308,14868345726.293684,8901.04095395907
875262ce9ffffff,1713.2474190002104,"POLYGON ((19.886214851206663 50.104849198414165, 19.874133042473535 50.10155134027287, 19.866025632551725 50.1100628512978, 19.869998314557215 50.121870473852724, 19.882077706156593 50.12516960996603, 19.890186832745094 50.11665984609871, 19.886214851206663 50.104849198414165, 19.886214851206663 50.104849198414165))",7406.746275813772,63878.0774275583,716530.5240756033,19,15676143841.889622,17560.49945590337
875262cc5ffffff,1700.4218394594193,"POLYGON ((19.878421884022753 50.04907276685425, 19.866334576577337 50.045779038810906, 19.85822742788953 50.05430126292037, 19.862205867241123 50.06611547239806, 19.87429075950271 50.06941048351688, 19.8823996274586 50.060890002629264, 19.878421884022753 50.04907276685425, 19.878421884022753 50.04907276685425))",2146.1324433780233,104111.35153963699,1143490.7917937017,149,14897907587.586817,14240.036998215332
875262c02ffffff,0.0,"POLYGON ((19.987747702825786 49.98213708159169, 19.975646845821007 49.97884451752864, 19.96752605148299 49.98738945829342, 19.971504396183057 49.999225221167286, 19.98360283892611 50.00251907741268, 19.991725351094225 49.99397587915118, 19.987747702825786 49.98213708159169, 19.987747702825786 49.98213708159169))",5246.789814406188,65511.18480353697,969497.2057630598,14,15343923099.947424,9940.580895768117
875262c0affffff,8136.097023018495,"POLYGON ((19.959241609835065 50.02813417918395, 19.947147321204273 50.02483931616287, 19.939030401647756 50.03337251990999, 19.943006053553436 50.0451988426405, 19.955097926718157 50.04849499275103, 19.96321656330568 50.03996353358987, 19.959241609835065 50.02813417918395, 19.959241609835065 50.02813417918395))",14826.848758524211,243081.81082157552,534262.1412272374,1099,14871115381.049631,5424.77439535712
875262c23ffffff,1988.8799194623934,"POLYGON ((20.040128174314187 50.007156146837865, 20.028026943471044 50.003860151288244, 20.01990028194545 50.0124043586494, 20.023873136346662 50.024242816162946, 20.035971951468706 50.02754010283085, 20.04410032777349 50.01899764141678, 20.040128174314187 50.007156146837865, 20.040128174314187 50.007156146837865))",10288.069552882043,138411.19345581273,364704.39059965545,322,14844417353.71213,6660.396105840452
875262cf6ffffff,0.0,"POLYGON ((19.894936714300794 49.96764503302226, 19.882839752433895 49.964356457650446, 19.87472971339703 49.97289662425912, 19.87871491410452 49.984723628395216, 19.890809463317655 49.988013494992565, 19.898921224340846 49.979475066776274, 19.894936714300794 49.96764503302226, 19.894936714300794 49.96764503302226))",5493.1848310449095,55461.7770716207,393511.9158832092,7,15634716121.919397,17351.425335290347
875262d66ffffff,0.0,"POLYGON ((20.176998302736763 50.08754760866371, 20.16489781162962 50.08424159100567, 20.156756026898968 50.09278080610422, 20.160713027001094 50.10462428345862, 20.172811098134147 50.107931588008164, 20.18095458900016 50.09939412886293, 20.176998302736763 50.08754760866371, 20.176998302736763 50.08754760866371))",6823.064168183115,35584.87058920558,117384.82708522087,9,14837050645.444527,20928.11908399522
875262c19ffffff,12695.553772212,"POLYGON ((19.943169975645127 50.01300978932409, 19.931075013898347 50.009716497943366, 19.92295981261384 50.01825144472858, 19.926937854666857 50.0300779404046, 19.939030401647756 50.03337251990999, 19.947147321204273 50.02483931616287, 19.943169975645127 50.01300978932409, 19.943169975645127 50.01300978932409))",14708.445140876916,255978.80891325936,303834.0557651188,1769,14870151353.085333,8195.323826650385
875262c53ffffff,2660.486018278906,"POLYGON ((19.926605865152787 50.09441453553341, 19.91452056625351 50.091116103890414, 19.906408263478856 50.09963309370714, 19.910379543916743 50.11144676786561, 19.922462425535027 50.11474647947914, 19.930576443857458 50.10623123751076, 19.926605865152787 50.09441453553341, 19.926605865152787 50.09441453553341))",12595.921139524688,150423.39918492275,62024.36115908371,383,15689517314.429678,13076.241797840083
875262c2effffff,1133.2925468018889,"POLYGON ((20.035971951468706 50.02754010283085, 20.023873136346662 50.024242816162946, 20.01574719224752 50.032782524761956, 20.019718349034775 50.044617773419866, 20.031814747800748 50.04791634915995, 20.039942405997934 50.03937838771948, 20.035971951468706 50.02754010283085, 20.035971951468706 50.02754010283085))",3224.2724162274662,82624.08209043587,182404.35135541155,41,14852056799.434782,3901.027305968235
